settlementLabel,wikiLink
Aballava,https://en.wikipedia.org/wiki/Aballava
Abbey Hey,https://en.wikipedia.org/wiki/Abbey_Hey
Abbotstone,https://en.wikipedia.org/wiki/Abbotstone
Abraham Heights,https://en.wikipedia.org/wiki/Abraham_Heights
Accrington,https://en.wikipedia.org/wiki/Accrington
Acle,https://en.wikipedia.org/wiki/Acle
Addlestone,https://en.wikipedia.org/wiki/Addlestone
Aingers Green,https://en.wikipedia.org/wiki/Aingers_Green
Alcester,https://en.wikipedia.org/wiki/Alcester
Alconbury Weald,https://en.wikipedia.org/wiki/Alconbury_Weald
Aldborough Hatch,https://en.wikipedia.org/wiki/Aldborough_Hatch
Aldeburgh,https://en.wikipedia.org/wiki/Aldeburgh
Alderman's Green,https://en.wikipedia.org/wiki/Alderman%27s_Green
Aldridge,https://en.wikipedia.org/wiki/Aldridge
Alfreton,https://en.wikipedia.org/wiki/Alfreton
Allwood Green,https://en.wikipedia.org/wiki/Allwood_Green
Alsager,https://en.wikipedia.org/wiki/Alsager
Alspath,https://en.wikipedia.org/wiki/Alspath
Althorp,https://en.wikipedia.org/wiki/Althorp_(lost_settlement)
Altrincham,https://en.wikipedia.org/wiki/Altrincham
Alvingham Priory,https://en.wikipedia.org/wiki/Alvingham_Priory
Amble,https://en.wikipedia.org/wiki/Amble
Ambleside,https://en.wikipedia.org/wiki/Ambleside
Amersham,https://en.wikipedia.org/wiki/Amersham
Amesbury,https://en.wikipedia.org/wiki/Amesbury
Ampthill,https://en.wikipedia.org/wiki/Ampthill
Appleby-in-Westmorland,https://en.wikipedia.org/wiki/Appleby-in-Westmorland
Appleton East and West,https://en.wikipedia.org/wiki/Appleton_East_and_West
Ardwick,https://en.wikipedia.org/wiki/Ardwick
Arlesey,https://en.wikipedia.org/wiki/Arlesey
Armley,https://en.wikipedia.org/wiki/Armley
Arthington Priory,https://en.wikipedia.org/wiki/Arthington_Priory
Arundel,https://en.wikipedia.org/wiki/Arundel
Ash Bank,https://en.wikipedia.org/wiki/Ash_Bank
Ashbourne Green,https://en.wikipedia.org/wiki/Ashbourne_Green
Ashby-de-la-Zouch,https://en.wikipedia.org/wiki/Ashby-de-la-Zouch
Ashington,https://en.wikipedia.org/wiki/Ashington
Ashted,https://en.wikipedia.org/wiki/Ashted
Ashton-in-Makerfield,https://en.wikipedia.org/wiki/Ashton-in-Makerfield
Ashton-on-Ribble,https://en.wikipedia.org/wiki/Ashton-on-Ribble
Ashton-under-Lyne,https://en.wikipedia.org/wiki/Ashton-under-Lyne
Askern,https://en.wikipedia.org/wiki/Askern
Aspatria,https://en.wikipedia.org/wiki/Aspatria
Athelhampton,https://en.wikipedia.org/wiki/Athelhampton
Athelney Abbey,https://en.wikipedia.org/wiki/Athelney_Abbey
Atherstone,https://en.wikipedia.org/wiki/Atherstone
Attleborough,https://en.wikipedia.org/wiki/Attleborough
Audenshaw,https://en.wikipedia.org/wiki/Audenshaw
Aveley,https://en.wikipedia.org/wiki/Aveley
Axminster,https://en.wikipedia.org/wiki/Axminster
Aylsham,https://en.wikipedia.org/wiki/Aylsham
Bacup,https://en.wikipedia.org/wiki/Bacup
Baddeley Edge,https://en.wikipedia.org/wiki/Baddeley_Edge
Baguley,https://en.wikipedia.org/wiki/Baguley
Baildon,https://en.wikipedia.org/wiki/Baildon
Bailrigg,https://en.wikipedia.org/wiki/Bailrigg
Bank Hey,https://en.wikipedia.org/wiki/Bank_Hey
Bankside,https://en.wikipedia.org/wiki/Bankside
Banstead,https://en.wikipedia.org/wiki/Banstead
Barlby with Osgodby,https://en.wikipedia.org/wiki/Barlby_with_Osgodby
Barlings Abbey,https://en.wikipedia.org/wiki/Barlings_Abbey
Barlynch Priory,https://en.wikipedia.org/wiki/Barlynch_Priory
Barnard Castle,https://en.wikipedia.org/wiki/Barnard_Castle
Barnehurst,https://en.wikipedia.org/wiki/Barnehurst
Barnes Cray,https://en.wikipedia.org/wiki/Barnes_Cray
Barnet Gate,https://en.wikipedia.org/wiki/Barnet_Gate
Barnoldswick,https://en.wikipedia.org/wiki/Barnoldswick
Barnsley,https://en.wikipedia.org/wiki/Barnsley
Barnstaple,https://en.wikipedia.org/wiki/Barnstaple
Barrow-in-Furness,https://en.wikipedia.org/wiki/Barrow-in-Furness
Barton-upon-Humber,https://en.wikipedia.org/wiki/Barton-upon-Humber
Basildon,https://en.wikipedia.org/wiki/Basildon
Basingstoke,https://en.wikipedia.org/wiki/Basingstoke
Batley,https://en.wikipedia.org/wiki/Batley
Batley Carr,https://en.wikipedia.org/wiki/Batley_Carr
Bawtry,https://en.wikipedia.org/wiki/Bawtry
Beaconsfield,https://en.wikipedia.org/wiki/Beaconsfield
Beaminster,https://en.wikipedia.org/wiki/Beaminster
Bear Cross,https://en.wikipedia.org/wiki/Bear_Cross
Bebington,https://en.wikipedia.org/wiki/Bebington
Beccles,https://en.wikipedia.org/wiki/Beccles
Bedale,https://en.wikipedia.org/wiki/Bedale
Bedlington,https://en.wikipedia.org/wiki/Bedlington
Bedworth,https://en.wikipedia.org/wiki/Bedworth
Begbrook,https://en.wikipedia.org/wiki/Begbrook
Belah,https://en.wikipedia.org/wiki/Belah
Bell Common,https://en.wikipedia.org/wiki/Bell_Common
Bell o' th' Hill,https://en.wikipedia.org/wiki/Bell_o%27_th%27_Hill
Belper,https://en.wikipedia.org/wiki/Belper
Benton Park View,https://en.wikipedia.org/wiki/Benton_Park_View
Berryfields,https://en.wikipedia.org/wiki/Berryfields
Berwick-upon-Tweed,https://en.wikipedia.org/wiki/Berwick-upon-Tweed
Bethnal Green,https://en.wikipedia.org/wiki/Bethnal_Green
Beverley,https://en.wikipedia.org/wiki/Beverley
Bewdley,https://en.wikipedia.org/wiki/Bewdley
Bexhill-on-Sea,https://en.wikipedia.org/wiki/Bexhill-on-Sea
Bicester,https://en.wikipedia.org/wiki/Bicester
Biddulph,https://en.wikipedia.org/wiki/Biddulph
Bideford,https://en.wikipedia.org/wiki/Bideford
Biggleswade,https://en.wikipedia.org/wiki/Biggleswade
Billericay,https://en.wikipedia.org/wiki/Billericay
Billingham,https://en.wikipedia.org/wiki/Billingham
Bilston,https://en.wikipedia.org/wiki/Bilston
Bingley,https://en.wikipedia.org/wiki/Bingley
Birmingham,https://en.wikipedia.org/wiki/Birmingham
Bishop Auckland,https://en.wikipedia.org/wiki/Bishop_Auckland
Bishop's Castle,https://en.wikipedia.org/wiki/Bishop%27s_Castle
Bishop's Stortford,https://en.wikipedia.org/wiki/Bishop%27s_Stortford
Bishop's Waltham,https://en.wikipedia.org/wiki/Bishop%27s_Waltham
Blackburn,https://en.wikipedia.org/wiki/Blackburn
Blackley,https://en.wikipedia.org/wiki/Blackley
Blackpool,https://en.wikipedia.org/wiki/Blackpool
Blackrod,https://en.wikipedia.org/wiki/Blackrod
Blakelaw,https://en.wikipedia.org/wiki/Blakelaw
Blandford Forum,https://en.wikipedia.org/wiki/Blandford_Forum
Blaydon,https://en.wikipedia.org/wiki/Blaydon
Bletchley,https://en.wikipedia.org/wiki/Bletchley
Bletchley and Fenny Stratford,https://en.wikipedia.org/wiki/Bletchley_and_Fenny_Stratford
Bloxwich,https://en.wikipedia.org/wiki/Bloxwich
Bodmin,https://en.wikipedia.org/wiki/Bodmin
Bognor Regis,https://en.wikipedia.org/wiki/Bognor_Regis
Bollington,https://en.wikipedia.org/wiki/Bollington
Bolsover,https://en.wikipedia.org/wiki/Bolsover
Bolton,https://en.wikipedia.org/wiki/Bolton
Boothstown,https://en.wikipedia.org/wiki/Boothstown
Bootle,https://en.wikipedia.org/wiki/Bootle
Bordon,https://en.wikipedia.org/wiki/Bordon
Borehamwood,https://en.wikipedia.org/wiki/Borehamwood
Boroughbridge,https://en.wikipedia.org/wiki/Boroughbridge
Botcherby,https://en.wikipedia.org/wiki/Botcherby
Bottom Boat,https://en.wikipedia.org/wiki/Bottom_Boat
Bournemouth,https://en.wikipedia.org/wiki/Bournemouth
Bovey Tracey,https://en.wikipedia.org/wiki/Bovey_Tracey
Bowes Park,https://en.wikipedia.org/wiki/Bowes_Park
Bowness-on-Windermere,https://en.wikipedia.org/wiki/Bowness-on-Windermere
Brackley,https://en.wikipedia.org/wiki/Brackley
Bracknell,https://en.wikipedia.org/wiki/Bracknell
Bradford,https://en.wikipedia.org/wiki/Bradford
Bradford-on-Avon,https://en.wikipedia.org/wiki/Bradford-on-Avon
Brading,https://en.wikipedia.org/wiki/Brading
Bradley Stoke,https://en.wikipedia.org/wiki/Bradley_Stoke
Bradninch,https://en.wikipedia.org/wiki/Bradninch
Bramhall,https://en.wikipedia.org/wiki/Bramhall
Branksome Park,https://en.wikipedia.org/wiki/Branksome_Park
Bransty,https://en.wikipedia.org/wiki/Bransty
Brattle,https://en.wikipedia.org/wiki/Brattle
Braunston Cleves or Fawcliff,https://en.wikipedia.org/wiki/Braunston_Cleves_or_Fawcliff
Braunstonbury,https://en.wikipedia.org/wiki/Braunstonbury
Braunstone Town,https://en.wikipedia.org/wiki/Braunstone_Town
Brickhill,https://en.wikipedia.org/wiki/Brickhill
Bridgnorth,https://en.wikipedia.org/wiki/Bridgnorth
Bridgwater,https://en.wikipedia.org/wiki/Bridgwater
Bridlington,https://en.wikipedia.org/wiki/Bridlington
Bridport,https://en.wikipedia.org/wiki/Bridport
Brierley,https://en.wikipedia.org/wiki/Brierley
Brierley Hill,https://en.wikipedia.org/wiki/Brierley_Hill
Brigg,https://en.wikipedia.org/wiki/Brigg
Brighouse,https://en.wikipedia.org/wiki/Brighouse
Brightlingsea,https://en.wikipedia.org/wiki/Brightlingsea
Brighton and Hove,https://en.wikipedia.org/wiki/Brighton_and_Hove
Brimsdown,https://en.wikipedia.org/wiki/Brimsdown
Bristol,https://en.wikipedia.org/wiki/Bristol
Brixham,https://en.wikipedia.org/wiki/Brixham
Broadstairs,https://en.wikipedia.org/wiki/Broadstairs
Brockholes,https://en.wikipedia.org/wiki/Brockholes
Bromborough,https://en.wikipedia.org/wiki/Bromborough
Bromhall Priory,https://en.wikipedia.org/wiki/Bromhall_Priory
Bromsgrove,https://en.wikipedia.org/wiki/Bromsgrove
Bromyard,https://en.wikipedia.org/wiki/Bromyard
Brondesbury Park,https://en.wikipedia.org/wiki/Brondesbury_Park
Broseley,https://en.wikipedia.org/wiki/Broseley
Broughton in Furness,https://en.wikipedia.org/wiki/Broughton-in-Furness
Brownhills,https://en.wikipedia.org/wiki/Brownhills
Broxbourne,https://en.wikipedia.org/wiki/Broxbourne
Brunswick Park,https://en.wikipedia.org/wiki/Brunswick_Park
Bruton,https://en.wikipedia.org/wiki/Bruton
Buckfastleigh,https://en.wikipedia.org/wiki/Buckfastleigh
Buckhurst Hill,https://en.wikipedia.org/wiki/Buckhurst_Hill
Bude,https://en.wikipedia.org/wiki/Bude
Budleigh Salterton,https://en.wikipedia.org/wiki/Budleigh_Salterton
Bulwell,https://en.wikipedia.org/wiki/Bulwell
Bungay,https://en.wikipedia.org/wiki/Bungay
Buntingford,https://en.wikipedia.org/wiki/Buntingford
Burford,https://en.wikipedia.org/wiki/Burford
Burgess Hill,https://en.wikipedia.org/wiki/Burgess_Hill
Burgh Le Marsh,https://en.wikipedia.org/wiki/Burgh_le_Marsh
Burmantofts,https://en.wikipedia.org/wiki/Burmantofts
Burn Naze,https://en.wikipedia.org/wiki/Burn_Naze
Burnage,https://en.wikipedia.org/wiki/Burnage
Burnden,https://en.wikipedia.org/wiki/Burnden
Burnham-on-Crouch,https://en.wikipedia.org/wiki/Burnham-on-Crouch
Burnham-on-Sea,https://en.wikipedia.org/wiki/Burnham-on-Sea
Burnt Oak,https://en.wikipedia.org/wiki/Burnt_Oak
Burntwood,https://en.wikipedia.org/wiki/Burntwood
Burslem,https://en.wikipedia.org/wiki/Burslem
Burton Latimer,https://en.wikipedia.org/wiki/Burton_Latimer
Burton upon Trent,https://en.wikipedia.org/wiki/Burton_upon_Trent
Bushey,https://en.wikipedia.org/wiki/Bushey
Buxton,https://en.wikipedia.org/wiki/Buxton
Cadishead,https://en.wikipedia.org/wiki/Cadishead
Caister-on-Sea,https://en.wikipedia.org/wiki/Caister-on-Sea
Caistor,https://en.wikipedia.org/wiki/Caistor
Callington,https://en.wikipedia.org/wiki/Callington
Calne,https://en.wikipedia.org/wiki/Calne
Camberley,https://en.wikipedia.org/wiki/Camberley
Camborne,https://en.wikipedia.org/wiki/Camborne
Cambourne,https://en.wikipedia.org/wiki/Cambourne
Cambridge,https://en.wikipedia.org/wiki/Cambridge
Camelford,https://en.wikipedia.org/wiki/Camelford
Canning Town,https://en.wikipedia.org/wiki/Canning_Town
Cannock,https://en.wikipedia.org/wiki/Cannock
Canterbury,https://en.wikipedia.org/wiki/Canterbury
Canvey Island,https://en.wikipedia.org/wiki/Canvey_Island
Cardboard City,https://en.wikipedia.org/wiki/Cardboard_City_(London)
Carlisle,https://en.wikipedia.org/wiki/Carlisle
Carnforth,https://en.wikipedia.org/wiki/Carnforth
Carr Gate,https://en.wikipedia.org/wiki/Carr_Gate
Castle Cary,https://en.wikipedia.org/wiki/Castle_Cary
Castleford,https://en.wikipedia.org/wiki/Castleford
Caterham,https://en.wikipedia.org/wiki/Caterham
Catesby Priory,https://en.wikipedia.org/wiki/Catesby_Priory
Catford,https://en.wikipedia.org/wiki/Catford
Catterick Garrison,https://en.wikipedia.org/wiki/Catterick_Garrison
Chadderton,https://en.wikipedia.org/wiki/Chadderton
Chaddesden,https://en.wikipedia.org/wiki/Chaddesden
Chafford Hundred,https://en.wikipedia.org/wiki/Chafford_Hundred
Chagford,https://en.wikipedia.org/wiki/Chagford
Chapel House Estate,https://en.wikipedia.org/wiki/Chapel_House_Estate
Chapel Street Estate,https://en.wikipedia.org/wiki/Chapel_Street_Estate
Chapel-en-le-Frith,https://en.wikipedia.org/wiki/Chapel-en-le-Frith
Charlbury,https://en.wikipedia.org/wiki/Charlbury
Charlton Hayes,https://en.wikipedia.org/wiki/Charlton_Hayes
Chase Terrace,https://en.wikipedia.org/wiki/Chase_Terrace
Chatteris,https://en.wikipedia.org/wiki/Chatteris
Cheadle Heath,https://en.wikipedia.org/wiki/Cheadle_Heath
Chelmer Village,https://en.wikipedia.org/wiki/Chelmer_Village
Chelmsford,https://en.wikipedia.org/wiki/Chelmsford
Cheltenham,https://en.wikipedia.org/wiki/Cheltenham
Chequerfield,https://en.wikipedia.org/wiki/Chequerfield
Chertsey,https://en.wikipedia.org/wiki/Chertsey
Chesham,https://en.wikipedia.org/wiki/Chesham
Cheshunt,https://en.wikipedia.org/wiki/Cheshunt
Chester,https://en.wikipedia.org/wiki/Chester
Chester-le-Street,https://en.wikipedia.org/wiki/Chester-le-Street
Chichester,https://en.wikipedia.org/wiki/Chichester
Chickerell,https://en.wikipedia.org/wiki/Chickerell
Chigwell,https://en.wikipedia.org/wiki/Chigwell
Chingford,https://en.wikipedia.org/wiki/Chingford
Chippenham,https://en.wikipedia.org/wiki/Chippenham
Chipping Norton,https://en.wikipedia.org/wiki/Chipping_Norton
Chipping Ongar,https://en.wikipedia.org/wiki/Chipping_Ongar
Chipping Sodbury,https://en.wikipedia.org/wiki/Chipping_Sodbury
Chivelstone,https://en.wikipedia.org/wiki/Chivelstone
Cholesbury Camp,https://en.wikipedia.org/wiki/Cholesbury_Camp
Chorley,https://en.wikipedia.org/wiki/Chorley
Chudleigh,https://en.wikipedia.org/wiki/Chudleigh
Chulmleigh,https://en.wikipedia.org/wiki/Chulmleigh
Church Charwelton,https://en.wikipedia.org/wiki/Church_Charwelton_(lost_settlement)
Church Langley,https://en.wikipedia.org/wiki/Church_Langley
Church Stretton,https://en.wikipedia.org/wiki/Church_Stretton
Churchtown Farm,https://en.wikipedia.org/wiki/Churchtown_Farm
Churston Ferrers,https://en.wikipedia.org/wiki/Churston_Ferrers
Cinderford,https://en.wikipedia.org/wiki/Cinderford
City of London,https://en.wikipedia.org/wiki/City_of_London
City of Westminster,https://en.wikipedia.org/wiki/City_of_Westminster
Clacton-on-Sea,https://en.wikipedia.org/wiki/Clacton-on-Sea
Claxheugh,https://en.wikipedia.org/wiki/Claxheugh
Clay Cross,https://en.wikipedia.org/wiki/Clay_Cross
Clayton-le-Moors,https://en.wikipedia.org/wiki/Clayton-le-Moors
Cleator Moor,https://en.wikipedia.org/wiki/Cleator_Moor
Cleckheaton,https://en.wikipedia.org/wiki/Cleckheaton
Cleethorpes,https://en.wikipedia.org/wiki/Cleethorpes
Cleobury Mortimer,https://en.wikipedia.org/wiki/Cleobury_Mortimer
Clevedon,https://en.wikipedia.org/wiki/Clevedon
Cleveleys,https://en.wikipedia.org/wiki/Cleveleys
Clifford Priory,https://en.wikipedia.org/wiki/Clifford_Priory
Clitheroe,https://en.wikipedia.org/wiki/Clitheroe
Clun,https://en.wikipedia.org/wiki/Clun
Coalville,https://en.wikipedia.org/wiki/Coalville
Cobridge,https://en.wikipedia.org/wiki/Cobridge
Cochrane Park,https://en.wikipedia.org/wiki/Cochrane_Park
Cockermouth,https://en.wikipedia.org/wiki/Cockermouth
Coggeshall,https://en.wikipedia.org/wiki/Coggeshall
Colchester,https://en.wikipedia.org/wiki/Colchester
Coldblow,https://en.wikipedia.org/wiki/Coldblow
Colne,https://en.wikipedia.org/wiki/Colne
Columbjohn,https://en.wikipedia.org/wiki/Columbjohn
Coney Hall,https://en.wikipedia.org/wiki/Coney_Hall
Congleton,https://en.wikipedia.org/wiki/Congleton
Coningsby,https://en.wikipedia.org/wiki/Coningsby
Conisbrough,https://en.wikipedia.org/wiki/Conisbrough
Conksbury,https://en.wikipedia.org/wiki/Conksbury
Consett,https://en.wikipedia.org/wiki/Consett
Cookham Abbey,https://en.wikipedia.org/wiki/Cookham_Abbey
Copster Hill,https://en.wikipedia.org/wiki/Copster_Hill
Corby,https://en.wikipedia.org/wiki/Corby
Corsham,https://en.wikipedia.org/wiki/Corsham
Coseley,https://en.wikipedia.org/wiki/Coseley
Cotgrave,https://en.wikipedia.org/wiki/Cotgrave
Coulsdon,https://en.wikipedia.org/wiki/Coulsdon
Coultershaw Wharf and Beam Pump,https://en.wikipedia.org/wiki/Coultershaw_Wharf_and_Beam_Pump
Countess Wear,https://en.wikipedia.org/wiki/Countess_Wear
Coventry,https://en.wikipedia.org/wiki/Coventry
Cowes,https://en.wikipedia.org/wiki/Cowes
Cowlam,https://en.wikipedia.org/wiki/Cowlam
Cowlersley,https://en.wikipedia.org/wiki/Cowlersley
Coxhoe,https://en.wikipedia.org/wiki/Coxhoe
Coxlodge,https://en.wikipedia.org/wiki/Coxlodge
Cradlewell,https://en.wikipedia.org/wiki/Cradlewell
Cradley Heath,https://en.wikipedia.org/wiki/Cradley_Heath
Cramlington,https://en.wikipedia.org/wiki/Cramlington
Craven Arms,https://en.wikipedia.org/wiki/Craven_Arms
Crawley,https://en.wikipedia.org/wiki/Crawley
Crediton,https://en.wikipedia.org/wiki/Crediton
Crewe,https://en.wikipedia.org/wiki/Crewe
Crewkerne,https://en.wikipedia.org/wiki/Crewkerne
Cricklade,https://en.wikipedia.org/wiki/Cricklade
Cromer,https://en.wikipedia.org/wiki/Cromer
Crooked Billet,https://en.wikipedia.org/wiki/Crooked_Billet
Cross Lane,https://en.wikipedia.org/wiki/Cross_Lane
Crossness,https://en.wikipedia.org/wiki/Crossness
Crowborough,https://en.wikipedia.org/wiki/Crowborough
Crowland,https://en.wikipedia.org/wiki/Crowland
Crowthorne,https://en.wikipedia.org/wiki/Crowthorne
Cullercoats,https://en.wikipedia.org/wiki/Cullercoats
Cullompton,https://en.wikipedia.org/wiki/Cullompton
Cumnor Hill,https://en.wikipedia.org/wiki/Cumnor_Hill
Currock,https://en.wikipedia.org/wiki/Currock
Dagenham,https://en.wikipedia.org/wiki/Dagenham
Dale Farm,https://en.wikipedia.org/wiki/Dale_Farm
Dalton-in-Furness,https://en.wikipedia.org/wiki/Dalton-in-Furness
Darlaston,https://en.wikipedia.org/wiki/Darlaston
Darley Dale,https://en.wikipedia.org/wiki/Darley_Dale
Darlington,https://en.wikipedia.org/wiki/Darlington
Dartford,https://en.wikipedia.org/wiki/Dartford
Darwen,https://en.wikipedia.org/wiki/Darwen
Daventry,https://en.wikipedia.org/wiki/Daventry
Davyhulme,https://en.wikipedia.org/wiki/Davyhulme
Daw End,https://en.wikipedia.org/wiki/Daw_End
Dawley,https://en.wikipedia.org/wiki/Dawley
Dawley Bank,https://en.wikipedia.org/wiki/Dawley_Bank
Dawlish,https://en.wikipedia.org/wiki/Dawlish
De Beauvoir Town,https://en.wikipedia.org/wiki/De_Beauvoir_Town
Denholme,https://en.wikipedia.org/wiki/Denholme
Denton Burn,https://en.wikipedia.org/wiki/Denton_Burn
Denton Holme,https://en.wikipedia.org/wiki/Denton_Holme
Derby,https://en.wikipedia.org/wiki/Derby
Dereham,https://en.wikipedia.org/wiki/Dereham
Desborough,https://en.wikipedia.org/wiki/Desborough
Devizes,https://en.wikipedia.org/wiki/Devizes
Dewsbury,https://en.wikipedia.org/wiki/Dewsbury
Didcot,https://en.wikipedia.org/wiki/Didcot
Dommoc,https://en.wikipedia.org/wiki/Dommoc
Doncaster,https://en.wikipedia.org/wiki/Doncaster
Dover,https://en.wikipedia.org/wiki/Dover
Dovercourt,https://en.wikipedia.org/wiki/Dovercourt
Droitwich Spa,https://en.wikipedia.org/wiki/Droitwich_Spa
Dronfield,https://en.wikipedia.org/wiki/Dronfield
Droylsden,https://en.wikipedia.org/wiki/Droylsden
Dudley,https://en.wikipedia.org/wiki/Dudley
Dukinfield,https://en.wikipedia.org/wiki/Dukinfield
Dulverton,https://en.wikipedia.org/wiki/Dulverton
Dumplington,https://en.wikipedia.org/wiki/Dumplington
Earby,https://en.wikipedia.org/wiki/Earby
Earl Shilton,https://en.wikipedia.org/wiki/Earl_Shilton
Earlestown,https://en.wikipedia.org/wiki/Earlestown
Earley,https://en.wikipedia.org/wiki/Earley
East Cowes,https://en.wikipedia.org/wiki/East_Cowes
East Dulwich,https://en.wikipedia.org/wiki/East_Dulwich
East Finchley,https://en.wikipedia.org/wiki/East_Finchley
East Gosforth,https://en.wikipedia.org/wiki/East_Gosforth
East Grinstead,https://en.wikipedia.org/wiki/East_Grinstead
East Ham,https://en.wikipedia.org/wiki/East_Ham
East Howe,https://en.wikipedia.org/wiki/East_Howe
East Hunsbury,https://en.wikipedia.org/wiki/East_Hunsbury
East Reading,https://en.wikipedia.org/wiki/East_Reading
East Sutton,https://en.wikipedia.org/wiki/East_Sutton
East Worlington,https://en.wikipedia.org/wiki/East_Worlington
Eastleigh,https://en.wikipedia.org/wiki/Eastleigh
Eccleshall,https://en.wikipedia.org/wiki/Eccleshall
Edlington,https://en.wikipedia.org/wiki/Edlington
Egham,https://en.wikipedia.org/wiki/Egham
Eia,https://en.wikipedia.org/wiki/Eia
Elland,https://en.wikipedia.org/wiki/Elland
Elland Lower Edge,https://en.wikipedia.org/wiki/Elland_Lower_Edge
Elland Upper Edge,https://en.wikipedia.org/wiki/Elland_Upper_Edge
Ellesmere Park,https://en.wikipedia.org/wiki/Ellesmere_Park
Ellesmere Port,https://en.wikipedia.org/wiki/Ellesmere_Port
Eltham,https://en.wikipedia.org/wiki/Eltham
Emsworth,https://en.wikipedia.org/wiki/Emsworth
Enfield Highway,https://en.wikipedia.org/wiki/Enfield_Highway
Enfield Wash,https://en.wikipedia.org/wiki/Enfield_Wash
Epsom,https://en.wikipedia.org/wiki/Epsom
Erdington,https://en.wikipedia.org/wiki/Erdington
Esher,https://en.wikipedia.org/wiki/Esher
Eston,https://en.wikipedia.org/wiki/Eston
Evesham,https://en.wikipedia.org/wiki/Evesham
Ewell,https://en.wikipedia.org/wiki/Ewell
Exeter,https://en.wikipedia.org/wiki/Exeter
Exmouth,https://en.wikipedia.org/wiki/Exmouth
Failsworth,https://en.wikipedia.org/wiki/Failsworth
Fairford,https://en.wikipedia.org/wiki/Fairford
Fakenham,https://en.wikipedia.org/wiki/Fakenham
Fareham,https://en.wikipedia.org/wiki/Fareham
Faringdon,https://en.wikipedia.org/wiki/Faringdon
Farnham,https://en.wikipedia.org/wiki/Farnham
Farnworth,https://en.wikipedia.org/wiki/Farnworth
Farsley,https://en.wikipedia.org/wiki/Farsley
Faversham,https://en.wikipedia.org/wiki/Faversham
Fazeley,https://en.wikipedia.org/wiki/Fazeley
Fearnville,https://en.wikipedia.org/wiki/Fearnville
Featherstone,https://en.wikipedia.org/wiki/Featherstone
Felixstowe,https://en.wikipedia.org/wiki/Felixstowe
Fenny Stratford,https://en.wikipedia.org/wiki/Fenny_Stratford
Ferndown,https://en.wikipedia.org/wiki/Ferndown
Ferryhill,https://en.wikipedia.org/wiki/Ferryhill
Filey,https://en.wikipedia.org/wiki/Filey
Filton,https://en.wikipedia.org/wiki/Filton
Finchley,https://en.wikipedia.org/wiki/Finchley
Fleetwood,https://en.wikipedia.org/wiki/Fleetwood
Flitwick,https://en.wikipedia.org/wiki/Flitwick
Flixton Priory,https://en.wikipedia.org/wiki/Flixton_Priory
Folkestone,https://en.wikipedia.org/wiki/Folkestone
Folly's Lane,https://en.wikipedia.org/wiki/Folly%27s_Lane
Fordbridge,https://en.wikipedia.org/wiki/Fordbridge
Fordingbridge,https://en.wikipedia.org/wiki/Fordingbridge
Fordwich,https://en.wikipedia.org/wiki/Fordwich
Forest Gate,https://en.wikipedia.org/wiki/Forest_Gate
Forest Side,https://en.wikipedia.org/wiki/Forest_Side
Formby,https://en.wikipedia.org/wiki/Formby
Fowey,https://en.wikipedia.org/wiki/Fowey
Framlingham,https://en.wikipedia.org/wiki/Framlingham
Framwelgate,https://en.wikipedia.org/wiki/Framwelgate
Freezywater,https://en.wikipedia.org/wiki/Freezywater
Frenchmoor,https://en.wikipedia.org/wiki/Frenchmoor
Freshfield,https://en.wikipedia.org/wiki/Freshfield
Frimley,https://en.wikipedia.org/wiki/Frimley
Frinton-on-Sea,https://en.wikipedia.org/wiki/Frinton-on-Sea
Friskney Eaudyke,https://en.wikipedia.org/wiki/Friskney_Eaudyke
Frodsham,https://en.wikipedia.org/wiki/Frodsham
Frome,https://en.wikipedia.org/wiki/Frome
Fulbourn,https://en.wikipedia.org/wiki/Fulbourn
Fulham,https://en.wikipedia.org/wiki/Fulham
Furzton,https://en.wikipedia.org/wiki/Furzton
Gamble Hill,https://en.wikipedia.org/wiki/Gamble_Hill
Garforth,https://en.wikipedia.org/wiki/Garforth
Garstang,https://en.wikipedia.org/wiki/Garstang
Gateshead,https://en.wikipedia.org/wiki/Gateshead
Gerrards Cross,https://en.wikipedia.org/wiki/Gerrards_Cross
Gilling with Hartforth and Sedbury,https://en.wikipedia.org/wiki/Gilling_with_Hartforth_and_Sedbury
Glannoventa,https://en.wikipedia.org/wiki/Glannoventa
Glastonbury,https://en.wikipedia.org/wiki/Glastonbury
Gleadless,https://en.wikipedia.org/wiki/Gleadless
Gleadless Valley,https://en.wikipedia.org/wiki/Gleadless_Valley
Glodwick,https://en.wikipedia.org/wiki/Glodwick
Glossop,https://en.wikipedia.org/wiki/Glossop
Gloucester,https://en.wikipedia.org/wiki/Gloucester
Godalming,https://en.wikipedia.org/wiki/Godalming
Godmanchester,https://en.wikipedia.org/wiki/Godmanchester
Golborne,https://en.wikipedia.org/wiki/Golborne
Goole,https://en.wikipedia.org/wiki/Goole
Gorleston-on-Sea,https://en.wikipedia.org/wiki/Gorleston-on-Sea
Gosforth Park,https://en.wikipedia.org/wiki/Gosforth_Park
Gosport,https://en.wikipedia.org/wiki/Gosport
Grange-over-Sands,https://en.wikipedia.org/wiki/Grange-over-Sands
Grantham,https://en.wikipedia.org/wiki/Grantham
Gravesend,https://en.wikipedia.org/wiki/Gravesend
Great Bookham,https://en.wikipedia.org/wiki/Great_Bookham
Great Crakehall,https://en.wikipedia.org/wiki/Great_Crakehall
Great Crosby,https://en.wikipedia.org/wiki/Great_Crosby
Great Dunmow,https://en.wikipedia.org/wiki/Great_Dunmow
Great Haddon,https://en.wikipedia.org/wiki/Great_Haddon
Great Harwood,https://en.wikipedia.org/wiki/Great_Harwood
Great Malvern,https://en.wikipedia.org/wiki/Great_Malvern
Great Parndon,https://en.wikipedia.org/wiki/Great_Parndon
Great Thorness,https://en.wikipedia.org/wiki/Great_Thorness
Great Torrington,https://en.wikipedia.org/wiki/Great_Torrington
Great Yarmouth,https://en.wikipedia.org/wiki/Great_Yarmouth
Greatstone-on-Sea,https://en.wikipedia.org/wiki/Greatstone-on-Sea
Greenwich,https://en.wikipedia.org/wiki/Greenwich
Grimsby,https://en.wikipedia.org/wiki/Grimsby
Grimspound,https://en.wikipedia.org/wiki/Grimspound
Guisborough,https://en.wikipedia.org/wiki/Guisborough
Guiseley,https://en.wikipedia.org/wiki/Guiseley
Hailsham,https://en.wikipedia.org/wiki/Hailsham
Halesowen,https://en.wikipedia.org/wiki/Halesowen
Halesworth,https://en.wikipedia.org/wiki/Halesworth
Halstead,https://en.wikipedia.org/wiki/Halstead
Haltemprice,https://en.wikipedia.org/wiki/Haltemprice
Halton Moor,https://en.wikipedia.org/wiki/Halton_Moor
Haltwhistle,https://en.wikipedia.org/wiki/Haltwhistle
Hampstead,https://en.wikipedia.org/wiki/Hampstead
Hampton Wick,https://en.wikipedia.org/wiki/Hampton_Wick
Hampton-on-Sea,https://en.wikipedia.org/wiki/Hampton-on-Sea
Hanley,https://en.wikipedia.org/wiki/Hanley
Hanley Grange,https://en.wikipedia.org/wiki/Hanley_Grange
Harlesden,https://en.wikipedia.org/wiki/Harlesden
Harlow,https://en.wikipedia.org/wiki/Harlow
Harold Park,https://en.wikipedia.org/wiki/Harold_Park
Harpenden,https://en.wikipedia.org/wiki/Harpenden
Harpurhey,https://en.wikipedia.org/wiki/Harpurhey
Harrogate,https://en.wikipedia.org/wiki/Harrogate
Hartlepool,https://en.wikipedia.org/wiki/Hartlepool
Harwich,https://en.wikipedia.org/wiki/Harwich
Haslemere,https://en.wikipedia.org/wiki/Haslemere
Haslingden,https://en.wikipedia.org/wiki/Haslingden
Hastings,https://en.wikipedia.org/wiki/Hastings
Hatch End,https://en.wikipedia.org/wiki/Hatch_End
Hatcham,https://en.wikipedia.org/wiki/Hatcham
Hatherleigh,https://en.wikipedia.org/wiki/Hatherleigh
Hathershaw,https://en.wikipedia.org/wiki/Hathershaw
Hattersley,https://en.wikipedia.org/wiki/Hattersley
Havant,https://en.wikipedia.org/wiki/Havant
Hawcoat,https://en.wikipedia.org/wiki/Hawcoat
Hawes,https://en.wikipedia.org/wiki/Hawes
Haxby,https://en.wikipedia.org/wiki/Haxby
Haydon Hill,https://en.wikipedia.org/wiki/Haydon_Hill
Haylands,https://en.wikipedia.org/wiki/Haylands
Hayle,https://en.wikipedia.org/wiki/Hayle
Haywards Heath,https://en.wikipedia.org/wiki/Haywards_Heath
Hazelslade,https://en.wikipedia.org/wiki/Hazelslade
Heald Green,https://en.wikipedia.org/wiki/Heald_Green
Heanor,https://en.wikipedia.org/wiki/Heanor
Hebburn,https://en.wikipedia.org/wiki/Hebburn
Hebden Bridge,https://en.wikipedia.org/wiki/Hebden_Bridge
Hebden Royd,https://en.wikipedia.org/wiki/Hebden_Royd
Heckmondwike,https://en.wikipedia.org/wiki/Heckmondwike
Hedge End,https://en.wikipedia.org/wiki/Hedge_End
Hednesford,https://en.wikipedia.org/wiki/Hednesford
Hedon,https://en.wikipedia.org/wiki/Hedon
Helmsley,https://en.wikipedia.org/wiki/Helmsley
Helston,https://en.wikipedia.org/wiki/Helston
Hem Heath,https://en.wikipedia.org/wiki/Hem_Heath
Hemel Hempstead,https://en.wikipedia.org/wiki/Hemel_Hempstead
Hemingfold Meadow,https://en.wikipedia.org/wiki/Hemingfold_Meadow
Hemsworth,https://en.wikipedia.org/wiki/Hemsworth
Hendon,https://en.wikipedia.org/wiki/Hendon
Henley-in-Arden,https://en.wikipedia.org/wiki/Henley-in-Arden
Henley-on-Thames,https://en.wikipedia.org/wiki/Henley-on-Thames
Hereford,https://en.wikipedia.org/wiki/Hereford
Herne Bay,https://en.wikipedia.org/wiki/Herne_Bay
Herne Hill,https://en.wikipedia.org/wiki/Herne_Hill
Hessle,https://en.wikipedia.org/wiki/Hessle
Hesters Way,https://en.wikipedia.org/wiki/Hesters_Way
Heswall,https://en.wikipedia.org/wiki/Heswall
Hetton-le-Hole,https://en.wikipedia.org/wiki/Hetton-le-Hole
Heysham,https://en.wikipedia.org/wiki/Heysham
High Bentham,https://en.wikipedia.org/wiki/High_Bentham
High Heaton,https://en.wikipedia.org/wiki/High_Heaton
High Wycombe,https://en.wikipedia.org/wiki/High_Wycombe
Higham Ferrers,https://en.wikipedia.org/wiki/Higham_Ferrers
Highbury,https://en.wikipedia.org/wiki/Highbury
Highbury Vale,https://en.wikipedia.org/wiki/Highbury_Vale
Highcliffe,https://en.wikipedia.org/wiki/Highcliffe
Higher Blackley,https://en.wikipedia.org/wiki/Higher_Blackley
Higher End,https://en.wikipedia.org/wiki/Higher_End
Higher Folds,https://en.wikipedia.org/wiki/Higher_Folds
Higherford,https://en.wikipedia.org/wiki/Higherford
Highworth,https://en.wikipedia.org/wiki/Highworth
Hinckley,https://en.wikipedia.org/wiki/Hinckley
Hinksey,https://en.wikipedia.org/wiki/Hinksey
Hockley,https://en.wikipedia.org/wiki/Hockley
Hockwell Ring,https://en.wikipedia.org/wiki/Hockwell_Ring
Hoddesdon,https://en.wikipedia.org/wiki/Hoddesdon
Hodsock,https://en.wikipedia.org/wiki/Hodsock
Holbeach,https://en.wikipedia.org/wiki/Holbeach
Holme Low,https://en.wikipedia.org/wiki/Holme_Low
Holmfirth,https://en.wikipedia.org/wiki/Holmfirth
Holsworthy,https://en.wikipedia.org/wiki/Holsworthy
Holt Park,https://en.wikipedia.org/wiki/Holt_Park
Homerton,https://en.wikipedia.org/wiki/Homerton
Honiton,https://en.wikipedia.org/wiki/Honiton
Hooe Common,https://en.wikipedia.org/wiki/Hooe_Common
Horley,https://en.wikipedia.org/wiki/Horley
Horncastle,https://en.wikipedia.org/wiki/Horncastle
Hornchurch,https://en.wikipedia.org/wiki/Hornchurch
Hornsea,https://en.wikipedia.org/wiki/Hornsea
Hornsey,https://en.wikipedia.org/wiki/Hornsey
Horsforth,https://en.wikipedia.org/wiki/Horsforth
Horsham,https://en.wikipedia.org/wiki/Horsham
Horwich,https://en.wikipedia.org/wiki/Horwich
Houghton Regis,https://en.wikipedia.org/wiki/Houghton_Regis
Houghton-le-Spring,https://en.wikipedia.org/wiki/Houghton-le-Spring
Hounslow,https://en.wikipedia.org/wiki/Hounslow
Hove,https://en.wikipedia.org/wiki/Hove
Howden,https://en.wikipedia.org/wiki/Howden
Howe Bridge,https://en.wikipedia.org/wiki/Howe_Bridge
Hoxton,https://en.wikipedia.org/wiki/Hoxton
Hoylake,https://en.wikipedia.org/wiki/Hoylake
Hoyland,https://en.wikipedia.org/wiki/Hoyland
Hucknall,https://en.wikipedia.org/wiki/Hucknall
Huddersfield,https://en.wikipedia.org/wiki/Huddersfield
Hudspeth,https://en.wikipedia.org/wiki/Hudspeth
Humberston Fitties,https://en.wikipedia.org/wiki/Humberston_Fitties
Hungerford,https://en.wikipedia.org/wiki/Hungerford
Hunstanton,https://en.wikipedia.org/wiki/Hunstanton
Huyton,https://en.wikipedia.org/wiki/Huyton
Ibstock,https://en.wikipedia.org/wiki/Ibstock
Ideford,https://en.wikipedia.org/wiki/Ideford
Ilford,https://en.wikipedia.org/wiki/Ilford
Ilfracombe,https://en.wikipedia.org/wiki/Ilfracombe
Ilkeston,https://en.wikipedia.org/wiki/Ilkeston
Ilkley,https://en.wikipedia.org/wiki/Ilkley
Ilminster,https://en.wikipedia.org/wiki/Ilminster
Immingham,https://en.wikipedia.org/wiki/Immingham
Ince-in-Makerfield,https://en.wikipedia.org/wiki/Ince-in-Makerfield
Ingleby Barwick,https://en.wikipedia.org/wiki/Ingleby_Barwick
Ipswich Whitefriars,https://en.wikipedia.org/wiki/Ipswich_Whitefriars
Irlam,https://en.wikipedia.org/wiki/Irlam
Irlams o' th' Height,https://en.wikipedia.org/wiki/Irlams_o%27_th%27_Height
Irthlingborough,https://en.wikipedia.org/wiki/Irthlingborough
Isleworth,https://en.wikipedia.org/wiki/Isleworth
Ivybridge,https://en.wikipedia.org/wiki/Ivybridge
Jackson Bridge,https://en.wikipedia.org/wiki/Jackson_Bridge
Jarrow,https://en.wikipedia.org/wiki/Jarrow
Jaw Hill,https://en.wikipedia.org/wiki/Jaw_Hill
Kearsley,https://en.wikipedia.org/wiki/Kearsley
Keighley,https://en.wikipedia.org/wiki/Keighley
Kempston,https://en.wikipedia.org/wiki/Kempston
Kendal,https://en.wikipedia.org/wiki/Kendal
Kenilworth,https://en.wikipedia.org/wiki/Kenilworth
Kennessee Green,https://en.wikipedia.org/wiki/Kennessee_Green
Kennington,https://en.wikipedia.org/wiki/Kennington
Kersal,https://en.wikipedia.org/wiki/Kersal
Kersall,https://en.wikipedia.org/wiki/Kersall
Kesgrave,https://en.wikipedia.org/wiki/Kesgrave
Kestle,https://en.wikipedia.org/wiki/Kestle
Ketley,https://en.wikipedia.org/wiki/Ketley
Kettering,https://en.wikipedia.org/wiki/Kettering
Keynsham,https://en.wikipedia.org/wiki/Keynsham
Kidbrooke Village,https://en.wikipedia.org/wiki/Kidbrooke_Village
Kidderminster,https://en.wikipedia.org/wiki/Kidderminster
Kidsgrove,https://en.wikipedia.org/wiki/Kidsgrove
Killingbeck,https://en.wikipedia.org/wiki/Killingbeck
Killingworth,https://en.wikipedia.org/wiki/Killingworth
King's Acre,https://en.wikipedia.org/wiki/Kings_Acre
Kingstanding,https://en.wikipedia.org/wiki/Kingstanding
Kingsteignton,https://en.wikipedia.org/wiki/Kingsteignton
Kingston Park,https://en.wikipedia.org/wiki/Kingston_Park
Kingston Russell,https://en.wikipedia.org/wiki/Kingston_Russell
Kingston upon Hull,https://en.wikipedia.org/wiki/Kingston_upon_Hull
Kingston upon Thames,https://en.wikipedia.org/wiki/Kingston_upon_Thames
Kingswinford,https://en.wikipedia.org/wiki/Kingswinford
Kinsham Grange,https://en.wikipedia.org/wiki/Kinsham_Grange
Kirkby,https://en.wikipedia.org/wiki/Kirkby
Kirkby Lonsdale,https://en.wikipedia.org/wiki/Kirkby_Lonsdale
Kirkby Stephen,https://en.wikipedia.org/wiki/Kirkby_Stephen
Kirkby-in-Ashfield,https://en.wikipedia.org/wiki/Kirkby-in-Ashfield
Kirkbymoorside,https://en.wikipedia.org/wiki/Kirkbymoorside
Kirton in Lindsey,https://en.wikipedia.org/wiki/Kirton_in_Lindsey
Knaresborough,https://en.wikipedia.org/wiki/Knaresborough
Knayton with Brawith,https://en.wikipedia.org/wiki/Knayton_with_Brawith
Knottingley,https://en.wikipedia.org/wiki/Knottingley
Knutsford,https://en.wikipedia.org/wiki/Knutsford
Knutton,https://en.wikipedia.org/wiki/Knutton
Ladywell,https://en.wikipedia.org/wiki/Ladywell
Lampton,https://en.wikipedia.org/wiki/Lampton
Lancaut,https://en.wikipedia.org/wiki/Lancaut
Langarth,https://en.wikipedia.org/wiki/Langarth_Garden_Village
Langdon Abbey,https://en.wikipedia.org/wiki/Langdon_Abbey
Langley Mill,https://en.wikipedia.org/wiki/Langley_Mill
Langport,https://en.wikipedia.org/wiki/Langport
Leatherhead,https://en.wikipedia.org/wiki/Leatherhead
Lechlade-on-Thames,https://en.wikipedia.org/wiki/Lechlade
Leckhampton,https://en.wikipedia.org/wiki/Leckhampton
Ledbury,https://en.wikipedia.org/wiki/Ledbury
Lee-on-the-Solent,https://en.wikipedia.org/wiki/Lee-on-the-Solent
Leeds,https://en.wikipedia.org/wiki/Leeds
Leicester,https://en.wikipedia.org/wiki/Leicester
Leigh-on-Sea,https://en.wikipedia.org/wiki/Leigh-on-Sea
Leighton Buzzard,https://en.wikipedia.org/wiki/Leighton_Buzzard
Leiston,https://en.wikipedia.org/wiki/Leiston
Leominster,https://en.wikipedia.org/wiki/Leominster
Leominster Abbey,https://en.wikipedia.org/wiki/Leominster_Abbey
Letchworth Garden City,https://en.wikipedia.org/wiki/Letchworth
Lewin's Mead,https://en.wikipedia.org/wiki/Lewin%27s_Mead
Lewsey Farm,https://en.wikipedia.org/wiki/Lewsey_Farm
Leyburn,https://en.wikipedia.org/wiki/Leyburn
Lichfield,https://en.wikipedia.org/wiki/Lichfield
Lightmoor,https://en.wikipedia.org/wiki/Lightmoor
Linslade,https://en.wikipedia.org/wiki/Linslade
Liscard,https://en.wikipedia.org/wiki/Liscard
Liskeard,https://en.wikipedia.org/wiki/Liskeard
Little Crakehall,https://en.wikipedia.org/wiki/Little_Crakehall
Little Dawley,https://en.wikipedia.org/wiki/Little_Dawley
Little Hulton,https://en.wikipedia.org/wiki/Little_Hulton
Littlehampton,https://en.wikipedia.org/wiki/Littlehampton
Liverpool,https://en.wikipedia.org/wiki/Liverpool
London,https://en.wikipedia.org/wiki/London
Long Drax,https://en.wikipedia.org/wiki/Long_Drax
Long Eaton,https://en.wikipedia.org/wiki/Long_Eaton
Long Stratton,https://en.wikipedia.org/wiki/Long_Stratton
Longbenton,https://en.wikipedia.org/wiki/Longbenton
Longlands,https://en.wikipedia.org/wiki/Longlands
Longridge,https://en.wikipedia.org/wiki/Longridge
Longsdon,https://en.wikipedia.org/wiki/Longsdon
Longshaw,https://en.wikipedia.org/wiki/Longshaw
Looe,https://en.wikipedia.org/wiki/Looe
Lostwithiel,https://en.wikipedia.org/wiki/Lostwithiel
Loughborough,https://en.wikipedia.org/wiki/Loughborough
Loughborough Junction,https://en.wikipedia.org/wiki/Loughborough_Junction
Loughton,https://en.wikipedia.org/wiki/Loughton
Lovell Park,https://en.wikipedia.org/wiki/Lovell_Park
Lower Harpton,https://en.wikipedia.org/wiki/Lower_Harpton
Lowestoft,https://en.wikipedia.org/wiki/Lowestoft
Loxford,https://en.wikipedia.org/wiki/Loxford
Ludlow,https://en.wikipedia.org/wiki/Ludlow
Luton,https://en.wikipedia.org/wiki/Luton
Lutterworth,https://en.wikipedia.org/wiki/Lutterworth
Lydd,https://en.wikipedia.org/wiki/Lydd
Lydney,https://en.wikipedia.org/wiki/Lydney
Lyme Regis,https://en.wikipedia.org/wiki/Lyme_Regis
Lymington,https://en.wikipedia.org/wiki/Lymington
Lynton,https://en.wikipedia.org/wiki/Lynton
Lytham St Annes,https://en.wikipedia.org/wiki/Lytham_St_Annes
Mablethorpe,https://en.wikipedia.org/wiki/Mablethorpe
Macclesfield,https://en.wikipedia.org/wiki/Macclesfield
Maghull,https://en.wikipedia.org/wiki/Maghull
Maidenhead,https://en.wikipedia.org/wiki/Maidenhead
Maldon,https://en.wikipedia.org/wiki/Maldon
Malmesbury,https://en.wikipedia.org/wiki/Malmesbury
Malvern Link,https://en.wikipedia.org/wiki/Malvern_Link
Manchester,https://en.wikipedia.org/wiki/Manchester
Manningtree,https://en.wikipedia.org/wiki/Manningtree
Mansriggs,https://en.wikipedia.org/wiki/Mansriggs
Marazion,https://en.wikipedia.org/wiki/Marazion
Mardale,https://en.wikipedia.org/wiki/Mardale
Margate,https://en.wikipedia.org/wiki/Margate
Market Bosworth,https://en.wikipedia.org/wiki/Market_Bosworth
Market Deeping,https://en.wikipedia.org/wiki/Market_Deeping
Market Drayton,https://en.wikipedia.org/wiki/Market_Drayton
Market Harborough,https://en.wikipedia.org/wiki/Market_Harborough
Market Rasen,https://en.wikipedia.org/wiki/Market_Rasen
Market Warsop,https://en.wikipedia.org/wiki/Warsop
Market Weighton,https://en.wikipedia.org/wiki/Market_Weighton
Marmont Priory,https://en.wikipedia.org/wiki/Marmont_Priory
Marylebone,https://en.wikipedia.org/wiki/Marylebone
Maryport,https://en.wikipedia.org/wiki/Maryport
Masham,https://en.wikipedia.org/wiki/Masham
Maynard's Green,https://en.wikipedia.org/wiki/Maynard%27s_Green
Melksham,https://en.wikipedia.org/wiki/Melksham
Melton Mowbray,https://en.wikipedia.org/wiki/Melton_Mowbray
Metropolitan Essex,https://en.wikipedia.org/wiki/Metropolitan_Essex
Mexborough,https://en.wikipedia.org/wiki/Mexborough
Midanbury,https://en.wikipedia.org/wiki/Midanbury
Middleham,https://en.wikipedia.org/wiki/Middleham
Middlesbrough,https://en.wikipedia.org/wiki/Middlesbrough
Middleton Junction,https://en.wikipedia.org/wiki/Middleton_Junction
Middlewich,https://en.wikipedia.org/wiki/Middlewich
Midhurst,https://en.wikipedia.org/wiki/Midhurst
Midsomer Norton,https://en.wikipedia.org/wiki/Midsomer_Norton
Mile Oak,https://en.wikipedia.org/wiki/Mile_Oak
Millom,https://en.wikipedia.org/wiki/Millom
Mills Hill,https://en.wikipedia.org/wiki/Mills_Hill
Milnrow,https://en.wikipedia.org/wiki/Milnrow
Milnthorpe,https://en.wikipedia.org/wiki/Milnthorpe
Milton Keynes,https://en.wikipedia.org/wiki/Milton_Keynes
Minehead,https://en.wikipedia.org/wiki/Minehead
Minshull Vernon,https://en.wikipedia.org/wiki/Minshull_Vernon
Mirfield,https://en.wikipedia.org/wiki/Mirfield
Mitcheldean,https://en.wikipedia.org/wiki/Mitcheldean
Modbury,https://en.wikipedia.org/wiki/Modbury
Moldgreen,https://en.wikipedia.org/wiki/Moldgreen
Molesey,https://en.wikipedia.org/wiki/Molesey
Monkhopton,https://en.wikipedia.org/wiki/Monkhopton
Monkspath,https://en.wikipedia.org/wiki/Monkspath
Monkwearmouth,https://en.wikipedia.org/wiki/Monkwearmouth
Montacute Priory,https://en.wikipedia.org/wiki/Montacute_Priory
Monton,https://en.wikipedia.org/wiki/Monton
Moordown,https://en.wikipedia.org/wiki/Moordown
Morecambe,https://en.wikipedia.org/wiki/Morecambe
Moreton-in-Marsh,https://en.wikipedia.org/wiki/Moreton-in-Marsh
Moretonhampstead,https://en.wikipedia.org/wiki/Moretonhampstead
Moses Gate,https://en.wikipedia.org/wiki/Moses_Gate
Mosley Common,https://en.wikipedia.org/wiki/Mosley_Common
Mossley,https://en.wikipedia.org/wiki/Mossley
Much Wenlock,https://en.wikipedia.org/wiki/Much_Wenlock
Mytholmroyd,https://en.wikipedia.org/wiki/Mytholmroyd
Nailsea,https://en.wikipedia.org/wiki/Nailsea
Nailsworth,https://en.wikipedia.org/wiki/Nailsworth
Nansledan,https://en.wikipedia.org/wiki/Nansledan
Nantwich,https://en.wikipedia.org/wiki/Nantwich
Neasden,https://en.wikipedia.org/wiki/Neasden
Needham Market,https://en.wikipedia.org/wiki/Needham_Market
Neston,https://en.wikipedia.org/wiki/Neston
New Alresford,https://en.wikipedia.org/wiki/New_Alresford
New Buckenham Common,https://en.wikipedia.org/wiki/New_Buckenham_Common
New Cross,https://en.wikipedia.org/wiki/New_Cross
New Malden,https://en.wikipedia.org/wiki/New_Malden
New Mills,https://en.wikipedia.org/wiki/New_Mills
New Milton,https://en.wikipedia.org/wiki/New_Milton
New Moston,https://en.wikipedia.org/wiki/New_Moston
New Romney,https://en.wikipedia.org/wiki/New_Romney
New Rossington,https://en.wikipedia.org/wiki/New_Rossington
Newbarns,https://en.wikipedia.org/wiki/Newbarns
Newbiggin-by-the-Sea,https://en.wikipedia.org/wiki/Newbiggin-by-the-Sea
Newbold Pacey,https://en.wikipedia.org/wiki/Newbold_Pacey
Newcastle upon Tyne,https://en.wikipedia.org/wiki/Newcastle_upon_Tyne
Newchurch in Pendle,https://en.wikipedia.org/wiki/Newchurch_in_Pendle
Newent,https://en.wikipedia.org/wiki/Newent
Newhaven,https://en.wikipedia.org/wiki/Newhaven
Newlyn,https://en.wikipedia.org/wiki/Newlyn
Newport Pagnell,https://en.wikipedia.org/wiki/Newport_Pagnell
Newquay,https://en.wikipedia.org/wiki/Newquay
Newton Abbot,https://en.wikipedia.org/wiki/Newton_Abbot
Newton Aycliffe,https://en.wikipedia.org/wiki/Newton_Aycliffe
Newton Longville Priory,https://en.wikipedia.org/wiki/Newton_Longville_Priory
Newton-le-Willows,https://en.wikipedia.org/wiki/Newton-le-Willows
Nicholstown,https://en.wikipedia.org/wiki/Nicholstown
Noctorum,https://en.wikipedia.org/wiki/Noctorum
Normacot,https://en.wikipedia.org/wiki/Normacot
North Heaton,https://en.wikipedia.org/wiki/North_Heaton
North Hykeham,https://en.wikipedia.org/wiki/North_Hykeham
North Kenton,https://en.wikipedia.org/wiki/North_Kenton
North Petherton,https://en.wikipedia.org/wiki/North_Petherton
North Poorton,https://en.wikipedia.org/wiki/North_Poorton
North Shields,https://en.wikipedia.org/wiki/North_Shields
North Tawton,https://en.wikipedia.org/wiki/North_Tawton
North Walsham,https://en.wikipedia.org/wiki/North_Walsham
North Wembley,https://en.wikipedia.org/wiki/North_Wembley
Northallerton,https://en.wikipedia.org/wiki/Northallerton
Northenden,https://en.wikipedia.org/wiki/Northenden
Northfleet,https://en.wikipedia.org/wiki/Northfleet
Northolt,https://en.wikipedia.org/wiki/Northolt
Northstowe,https://en.wikipedia.org/wiki/Northstowe
Northwich,https://en.wikipedia.org/wiki/Northwich
Norton-on-Derwent,https://en.wikipedia.org/wiki/Norton-on-Derwent
Norwich,https://en.wikipedia.org/wiki/Norwich
Norwood New Town,https://en.wikipedia.org/wiki/Norwood_New_Town
Nottingham,https://en.wikipedia.org/wiki/Nottingham
Nuncargate,https://en.wikipedia.org/wiki/Nuncargate
Nuneaton,https://en.wikipedia.org/wiki/Nuneaton
Oadby,https://en.wikipedia.org/wiki/Oadby
Oakengates,https://en.wikipedia.org/wiki/Oakengates
Oakleigh Park,https://en.wikipedia.org/wiki/Oakleigh_Park
Okehampton,https://en.wikipedia.org/wiki/Okehampton
Old Basford,https://en.wikipedia.org/wiki/Old_Basford
Old Harlow,https://en.wikipedia.org/wiki/Old_Harlow
Old Hill,https://en.wikipedia.org/wiki/Old_Hill
Old Hutton,https://en.wikipedia.org/wiki/Old_Hutton
Old Sarum,https://en.wikipedia.org/wiki/Old_Sarum
Oldham,https://en.wikipedia.org/wiki/Oldham
Ollerton,https://en.wikipedia.org/wiki/Ollerton
Olton,https://en.wikipedia.org/wiki/Olton
Ormskirk,https://en.wikipedia.org/wiki/Ormskirk
Orpington,https://en.wikipedia.org/wiki/Orpington
Osney,https://en.wikipedia.org/wiki/Osney
Ossett,https://en.wikipedia.org/wiki/Ossett
Oswaldtwistle,https://en.wikipedia.org/wiki/Oswaldtwistle
Ottery St Mary,https://en.wikipedia.org/wiki/Ottery_St_Mary
Oulton Broad,https://en.wikipedia.org/wiki/Oulton_Broad
Oundle,https://en.wikipedia.org/wiki/Oundle
Ouseburn,https://en.wikipedia.org/wiki/Ouseburn
Owthorne,https://en.wikipedia.org/wiki/Owthorne
Oxford,https://en.wikipedia.org/wiki/Oxford
Oxted,https://en.wikipedia.org/wiki/Oxted
Packmoor,https://en.wikipedia.org/wiki/Packmoor
Paddock Wood,https://en.wikipedia.org/wiki/Paddock_Wood
Padiham,https://en.wikipedia.org/wiki/Padiham
Padstow,https://en.wikipedia.org/wiki/Padstow
Paignton,https://en.wikipedia.org/wiki/Paignton
Painswick,https://en.wikipedia.org/wiki/Painswick
Pallion,https://en.wikipedia.org/wiki/Pallion
Palmers Green,https://en.wikipedia.org/wiki/Palmers_Green
Parc Erissey,https://en.wikipedia.org/wiki/Parc_Erissey
Park Langley,https://en.wikipedia.org/wiki/Park_Langley
Parlington,https://en.wikipedia.org/wiki/Parlington
Partington,https://en.wikipedia.org/wiki/Partington
Patchway,https://en.wikipedia.org/wiki/Patchway
Pateley Bridge,https://en.wikipedia.org/wiki/Pateley_Bridge
Peacehaven,https://en.wikipedia.org/wiki/Peacehaven
Peel Green,https://en.wikipedia.org/wiki/Peel_Green
Pelsall,https://en.wikipedia.org/wiki/Pelsall
Pendlebury,https://en.wikipedia.org/wiki/Pendlebury
Penhallick,https://en.wikipedia.org/wiki/Penhallick
Penistone,https://en.wikipedia.org/wiki/Penistone
Penkridge,https://en.wikipedia.org/wiki/Penkridge
Pennycomequick,https://en.wikipedia.org/wiki/Pennycomequick
Pennywell,https://en.wikipedia.org/wiki/Pennywell
Penpoll,https://en.wikipedia.org/wiki/Penpoll
Pentonville,https://en.wikipedia.org/wiki/Pentonville
Penwortham,https://en.wikipedia.org/wiki/Penwortham
Penzance,https://en.wikipedia.org/wiki/Penzance
Pershore,https://en.wikipedia.org/wiki/Pershore
Peterborough,https://en.wikipedia.org/wiki/Peterborough
Peterlee,https://en.wikipedia.org/wiki/Peterlee
Petersfield,https://en.wikipedia.org/wiki/Petersfield
Petworth,https://en.wikipedia.org/wiki/Petworth
Pheasey,https://en.wikipedia.org/wiki/Pheasey
Pitsea,https://en.wikipedia.org/wiki/Pitsea
Pitts Hill,https://en.wikipedia.org/wiki/Pitts_Hill
Plain-an-Gwarry,https://en.wikipedia.org/wiki/Plain-an-Gwarry
Plumstead,https://en.wikipedia.org/wiki/Plumstead
Plymouth,https://en.wikipedia.org/wiki/Plymouth
Pocklington,https://en.wikipedia.org/wiki/Pocklington
Polegate,https://en.wikipedia.org/wiki/Polegate
Poole,https://en.wikipedia.org/wiki/Poole
Porlock Weir,https://en.wikipedia.org/wiki/Porlock_Weir
Port Sunlight,https://en.wikipedia.org/wiki/Port_Sunlight
Portchester,https://en.wikipedia.org/wiki/Portchester
Porthleven,https://en.wikipedia.org/wiki/Porthleven
Portsmouth,https://en.wikipedia.org/wiki/Portsmouth
Potters Bar,https://en.wikipedia.org/wiki/Potters_Bar
Potton,https://en.wikipedia.org/wiki/Potton
Poynton,https://en.wikipedia.org/wiki/Poynton
Prees Higher Heath,https://en.wikipedia.org/wiki/Prees_Higher_Heath
Preesall,https://en.wikipedia.org/wiki/Preesall
Prenton,https://en.wikipedia.org/wiki/Prenton
Prescot,https://en.wikipedia.org/wiki/Prescot
Prestwich,https://en.wikipedia.org/wiki/Prestwich
Princes Risborough,https://en.wikipedia.org/wiki/Princes_Risborough
Prittlewell,https://en.wikipedia.org/wiki/Prittlewell
Prospect Village,https://en.wikipedia.org/wiki/Prospect_Village
Prudhoe,https://en.wikipedia.org/wiki/Prudhoe
Pudsey,https://en.wikipedia.org/wiki/Pudsey
Purfleet-on-Thames,https://en.wikipedia.org/wiki/Purfleet
Putney,https://en.wikipedia.org/wiki/Putney
Putney Vale,https://en.wikipedia.org/wiki/Putney_Vale
Quarmby,https://en.wikipedia.org/wiki/Quarmby
Quarr Hill,https://en.wikipedia.org/wiki/Quarr_Hill
Quedgeley,https://en.wikipedia.org/wiki/Quedgeley
Queen's Hills,https://en.wikipedia.org/wiki/Queen%27s_Hills
Queenborough,https://en.wikipedia.org/wiki/Queenborough
Radcot Lock,https://en.wikipedia.org/wiki/Radcot_Lock
Radstock,https://en.wikipedia.org/wiki/Radstock
Rainford,https://en.wikipedia.org/wiki/Rainford
Ramsbottom,https://en.wikipedia.org/wiki/Ramsbottom
Ramsgate,https://en.wikipedia.org/wiki/Ramsgate
Ramsgreave,https://en.wikipedia.org/wiki/Ramsgreave
Raunds,https://en.wikipedia.org/wiki/Raunds
Ravenstone Priory,https://en.wikipedia.org/wiki/Ravenstone_Priory
Rawtenstall,https://en.wikipedia.org/wiki/Rawtenstall
Red House Farm,https://en.wikipedia.org/wiki/Red_House_Farm
Redcar,https://en.wikipedia.org/wiki/Redcar
Redditch,https://en.wikipedia.org/wiki/Redditch
Redruth,https://en.wikipedia.org/wiki/Redruth
Reigate,https://en.wikipedia.org/wiki/Reigate
Retford,https://en.wikipedia.org/wiki/Retford
Rickmansworth,https://en.wikipedia.org/wiki/Rickmansworth
Riddlesdown,https://en.wikipedia.org/wiki/Riddlesdown
Ripon,https://en.wikipedia.org/wiki/Ripon
Rishton,https://en.wikipedia.org/wiki/Rishton
Roby Mill,https://en.wikipedia.org/wiki/Roby_Mill
Rochdale,https://en.wikipedia.org/wiki/Rochdale
Rochford,https://en.wikipedia.org/wiki/Rochford
Roker,https://en.wikipedia.org/wiki/Roker
Romansleigh,https://en.wikipedia.org/wiki/Romansleigh
Romford,https://en.wikipedia.org/wiki/Romford
Romsey,https://en.wikipedia.org/wiki/Romsey
Roser's Cross,https://en.wikipedia.org/wiki/Roser%27s_Cross
Ross-on-Wye,https://en.wikipedia.org/wiki/Ross-on-Wye
Rotherham,https://en.wikipedia.org/wiki/Rotherham
Roundshaw,https://en.wikipedia.org/wiki/Roundshaw
Rowley Regis,https://en.wikipedia.org/wiki/Rowley_Regis
Roxeth,https://en.wikipedia.org/wiki/Roxeth
Royal Leamington Spa,https://en.wikipedia.org/wiki/Leamington_Spa
Royal Quays,https://en.wikipedia.org/wiki/Royal_Quays
Royal Tunbridge Wells,https://en.wikipedia.org/wiki/Royal_Tunbridge_Wells
Royal Wootton Bassett,https://en.wikipedia.org/wiki/Royal_Wootton_Bassett
Royton,https://en.wikipedia.org/wiki/Royton
Rugeley,https://en.wikipedia.org/wiki/Rugeley
Rumworth,https://en.wikipedia.org/wiki/Rumworth
Runcorn,https://en.wikipedia.org/wiki/Runcorn
Rushden,https://en.wikipedia.org/wiki/Rushden
Rushey Mead,https://en.wikipedia.org/wiki/Rushey_Mead
Ryde,https://en.wikipedia.org/wiki/Ryde
Saffron Walden,https://en.wikipedia.org/wiki/Saffron_Walden
Salcombe,https://en.wikipedia.org/wiki/Salcombe
Salford,https://en.wikipedia.org/wiki/Salford
Salford Quays,https://en.wikipedia.org/wiki/Salford_Quays
Salisbury,https://en.wikipedia.org/wiki/Salisbury
Saltaire,https://en.wikipedia.org/wiki/Saltaire
Saltash,https://en.wikipedia.org/wiki/Saltash
Saltburn-by-the-Sea,https://en.wikipedia.org/wiki/Saltburn-by-the-Sea
Saltney,https://en.wikipedia.org/wiki/Saltney
Sandal Magna,https://en.wikipedia.org/wiki/Sandal_Magna
Sandbach,https://en.wikipedia.org/wiki/Sandbach
Sandiacre,https://en.wikipedia.org/wiki/Sandiacre
Sandown,https://en.wikipedia.org/wiki/Sandown
Saughall Massie,https://en.wikipedia.org/wiki/Saughall_Massie
Sawbridgeworth,https://en.wikipedia.org/wiki/Sawbridgeworth
Saxmundham,https://en.wikipedia.org/wiki/Saxmundham
Scapegoat Hill,https://en.wikipedia.org/wiki/Scapegoat_Hill
Scunthorpe,https://en.wikipedia.org/wiki/Scunthorpe
Seaburn,https://en.wikipedia.org/wiki/Seaburn
Seacourt,https://en.wikipedia.org/wiki/Seacourt
Seaham,https://en.wikipedia.org/wiki/Seaham
Seathorne,https://en.wikipedia.org/wiki/Seathorne
Sedbergh,https://en.wikipedia.org/wiki/Sedbergh
Sedgefield,https://en.wikipedia.org/wiki/Sedgefield
Sedgley,https://en.wikipedia.org/wiki/Sedgley
Seedley,https://en.wikipedia.org/wiki/Seedley
Selby,https://en.wikipedia.org/wiki/Selby
Selsey,https://en.wikipedia.org/wiki/Selsey
Sevenoaks,https://en.wikipedia.org/wiki/Sevenoaks
Sevenscore,https://en.wikipedia.org/wiki/Sevenscore
Sezincote,https://en.wikipedia.org/wiki/Sezincote_(settlement)
Shaftesbury,https://en.wikipedia.org/wiki/Shaftesbury
Shanklin,https://en.wikipedia.org/wiki/Shanklin
Sharston,https://en.wikipedia.org/wiki/Sharston
Sheepscar,https://en.wikipedia.org/wiki/Sheepscar
Sheerness,https://en.wikipedia.org/wiki/Sheerness
Sheffield,https://en.wikipedia.org/wiki/Sheffield
Shepperton,https://en.wikipedia.org/wiki/Shepperton
Shepshed,https://en.wikipedia.org/wiki/Shepshed
Shepton Mallet,https://en.wikipedia.org/wiki/Shepton_Mallet
Sherborne,https://en.wikipedia.org/wiki/Sherborne
Sherford,https://en.wikipedia.org/wiki/Sherford_(new_town)
Sheringham,https://en.wikipedia.org/wiki/Sheringham
Shifnal,https://en.wikipedia.org/wiki/Shifnal
Shildon,https://en.wikipedia.org/wiki/Shildon
Shipston-on-Stour,https://en.wikipedia.org/wiki/Shipston-on-Stour
Shirebrook,https://en.wikipedia.org/wiki/Shirebrook
Shirley Oaks,https://en.wikipedia.org/wiki/Shirley_Oaks
Shobnall,https://en.wikipedia.org/wiki/Shobnall
Shoeburyness,https://en.wikipedia.org/wiki/Shoeburyness
Sholver,https://en.wikipedia.org/wiki/Sholver
Shoreditch,https://en.wikipedia.org/wiki/Shoreditch
Shoreham-by-Sea,https://en.wikipedia.org/wiki/Shoreham-by-Sea
Shotley Gate,https://en.wikipedia.org/wiki/Shotley_Gate
Sidmouth,https://en.wikipedia.org/wiki/Sidmouth
Silloth,https://en.wikipedia.org/wiki/Silloth
Silsden,https://en.wikipedia.org/wiki/Silsden
Sittingbourne,https://en.wikipedia.org/wiki/Sittingbourne
Skegness,https://en.wikipedia.org/wiki/Skegness
Skelmersdale,https://en.wikipedia.org/wiki/Skelmersdale
Skelton-in-Cleveland,https://en.wikipedia.org/wiki/Skelton-in-Cleveland
Skippool,https://en.wikipedia.org/wiki/Skippool
Skipton,https://en.wikipedia.org/wiki/Skipton
Slack Roman fort,https://en.wikipedia.org/wiki/Slack_Roman_Fort
Slatyford,https://en.wikipedia.org/wiki/Slatyford
Sleaford,https://en.wikipedia.org/wiki/Sleaford
Slough,https://en.wikipedia.org/wiki/Slough
Smethwick,https://en.wikipedia.org/wiki/Smethwick
Snaith,https://en.wikipedia.org/wiki/Snaith
Snead's Green,https://en.wikipedia.org/wiki/Snead%27s_Green
Sneyd Park,https://en.wikipedia.org/wiki/Sneyd_Park
Snodland,https://en.wikipedia.org/wiki/Snodland
Soberton and Newtown Millennium Walk 2000,https://en.wikipedia.org/wiki/Soberton_and_Newtown_Millennium_Walk_2000
Soham,https://en.wikipedia.org/wiki/Soham
Solihull,https://en.wikipedia.org/wiki/Solihull
Somerset,https://en.wikipedia.org/wiki/Somerset
South Benfleet,https://en.wikipedia.org/wiki/South_Benfleet
South Coast Plain,https://en.wikipedia.org/wiki/South_Coast_Plain
South Elmsall,https://en.wikipedia.org/wiki/South_Elmsall
South Harrow,https://en.wikipedia.org/wiki/South_Harrow
South Hornchurch,https://en.wikipedia.org/wiki/South_Hornchurch
South Huish,https://en.wikipedia.org/wiki/South_Huish
South Kirkby,https://en.wikipedia.org/wiki/South_Kirkby
South Kirkby and Moorthorpe,https://en.wikipedia.org/wiki/South_Kirkby_and_Moorthorpe
South Molton,https://en.wikipedia.org/wiki/South_Molton
South Ockendon,https://en.wikipedia.org/wiki/South_Ockendon
South Ossett,https://en.wikipedia.org/wiki/South_Ossett
South Petherton,https://en.wikipedia.org/wiki/South_Petherton
South Ruislip,https://en.wikipedia.org/wiki/South_Ruislip
South Shields,https://en.wikipedia.org/wiki/South_Shields
South Stoneham,https://en.wikipedia.org/wiki/South_Stoneham
South Woodham Ferrers,https://en.wikipedia.org/wiki/South_Woodham_Ferrers
Southall,https://en.wikipedia.org/wiki/Southall
Southam,https://en.wikipedia.org/wiki/Southam
Southampton,https://en.wikipedia.org/wiki/Southampton
Southend-on-Sea,https://en.wikipedia.org/wiki/Southend-on-Sea
Southminster,https://en.wikipedia.org/wiki/Southminster
Southport,https://en.wikipedia.org/wiki/Southport
Southsea,https://en.wikipedia.org/wiki/Southsea
Southwold,https://en.wikipedia.org/wiki/Southwold
Sowerby Bridge,https://en.wikipedia.org/wiki/Sowerby_Bridge
Spennymoor,https://en.wikipedia.org/wiki/Spennymoor
Spilsby,https://en.wikipedia.org/wiki/Spilsby
Spinningfields,https://en.wikipedia.org/wiki/Spinningfields
Springwell Estate,https://en.wikipedia.org/wiki/Springwell_Estate
Sprowston,https://en.wikipedia.org/wiki/Sprowston
St Albans,https://en.wikipedia.org/wiki/St_Albans
St Austell,https://en.wikipedia.org/wiki/St_Austell
St Blazey,https://en.wikipedia.org/wiki/St_Blazey
St Columb Major,https://en.wikipedia.org/wiki/St_Columb_Major
St Ives Priory,https://en.wikipedia.org/wiki/St_Ives_Priory
St Just,https://en.wikipedia.org/wiki/St_Just_in_Penwith
St Leonards,https://en.wikipedia.org/wiki/St_Leonards-on-Sea
St Mary Cray,https://en.wikipedia.org/wiki/St_Mary_Cray
St Mawgan Monastery,https://en.wikipedia.org/wiki/St_Mawgan_Monastery
St Neots,https://en.wikipedia.org/wiki/St_Neots
St Stephens,https://en.wikipedia.org/wiki/St_Stephens_by_Saltash
Staines-upon-Thames,https://en.wikipedia.org/wiki/Staines-upon-Thames
Stalbridge,https://en.wikipedia.org/wiki/Stalbridge
Stalham,https://en.wikipedia.org/wiki/Stalham
Stalybridge,https://en.wikipedia.org/wiki/Stalybridge
Stanford-le-Hope,https://en.wikipedia.org/wiki/Stanford-le-Hope
Stanmore,https://en.wikipedia.org/wiki/Stanmore
Stanningley,https://en.wikipedia.org/wiki/Stanningley
Stanton-on-the-Wolds,https://en.wikipedia.org/wiki/Stanton-on-the-Wolds
Stepney,https://en.wikipedia.org/wiki/Stepney
Stevenage,https://en.wikipedia.org/wiki/Stevenage
Steyning,https://en.wikipedia.org/wiki/Steyning
Stockport,https://en.wikipedia.org/wiki/Stockport
Stocksbridge,https://en.wikipedia.org/wiki/Stocksbridge
Stockton-on-Tees,https://en.wikipedia.org/wiki/Stockton-on-Tees
Stockwell,https://en.wikipedia.org/wiki/Stockwell
Stoke Lodge,https://en.wikipedia.org/wiki/Stoke_Lodge
Stoke Newington,https://en.wikipedia.org/wiki/Stoke_Newington
Stoke-on-Trent,https://en.wikipedia.org/wiki/Stoke-on-Trent
Stoke-upon-Trent,https://en.wikipedia.org/wiki/Stoke-upon-Trent
Stokes Croft,https://en.wikipedia.org/wiki/Stokes_Croft
Stokesley,https://en.wikipedia.org/wiki/Stokesley
Stoneyholme,https://en.wikipedia.org/wiki/Stoneyholme
Stony Stratford,https://en.wikipedia.org/wiki/Stony_Stratford
Storeton,https://en.wikipedia.org/wiki/Storeton
Stotfold,https://en.wikipedia.org/wiki/Stotfold
Stourbridge,https://en.wikipedia.org/wiki/Stourbridge
Stourport-on-Severn,https://en.wikipedia.org/wiki/Stourport-on-Severn
Stow-on-the-Wold,https://en.wikipedia.org/wiki/Stow-on-the-Wold
Stowmarket,https://en.wikipedia.org/wiki/Stowmarket
Stratford-upon-Avon,https://en.wikipedia.org/wiki/Stratford-upon-Avon
Stretford,https://en.wikipedia.org/wiki/Stretford
Strood,https://en.wikipedia.org/wiki/Strood
Sturminster Newton,https://en.wikipedia.org/wiki/Sturminster_Newton
Sudbury Hill,https://en.wikipedia.org/wiki/Sudbury_Hill
Sunbury-on-Thames,https://en.wikipedia.org/wiki/Sunbury-on-Thames
Sunderland,https://en.wikipedia.org/wiki/Sunderland
Sutton Camera,https://en.wikipedia.org/wiki/Sutton_Camera
Sutton Coldfield,https://en.wikipedia.org/wiki/Sutton_Coldfield
Sutton in Ashfield,https://en.wikipedia.org/wiki/Sutton-in-Ashfield
Swadlincote,https://en.wikipedia.org/wiki/Swadlincote
Swaffham,https://en.wikipedia.org/wiki/Swaffham
Swanage,https://en.wikipedia.org/wiki/Swanage
Swanley,https://en.wikipedia.org/wiki/Swanley
Swarcliffe,https://en.wikipedia.org/wiki/Swarcliffe
Swindon,https://en.wikipedia.org/wiki/Swindon
Syston,https://en.wikipedia.org/wiki/Syston
Tadcaster,https://en.wikipedia.org/wiki/Tadcaster
Tadley,https://en.wikipedia.org/wiki/Tadley
Tavistock,https://en.wikipedia.org/wiki/Tavistock
Team Valley,https://en.wikipedia.org/wiki/Team_Valley
Teignmouth,https://en.wikipedia.org/wiki/Teignmouth
Telford,https://en.wikipedia.org/wiki/Telford
Telscombe,https://en.wikipedia.org/wiki/Telscombe
Templecombe Preceptory,https://en.wikipedia.org/wiki/Templecombe_Preceptory
Tenbury Wells,https://en.wikipedia.org/wiki/Tenbury_Wells
Tenterden,https://en.wikipedia.org/wiki/Tenterden
Tetbury,https://en.wikipedia.org/wiki/Tetbury
Tewkesbury,https://en.wikipedia.org/wiki/Tewkesbury
Thatcham,https://en.wikipedia.org/wiki/Thatcham
Thatto Heath,https://en.wikipedia.org/wiki/Thatto_Heath
Thaxted,https://en.wikipedia.org/wiki/Thaxted
The Chessels,https://en.wikipedia.org/wiki/The_Chessels
The Rodings,https://en.wikipedia.org/wiki/The_Rodings
Thetford,https://en.wikipedia.org/wiki/Thetford
Thingwall,https://en.wikipedia.org/wiki/Thingwall
Thornaby-on-Tees,https://en.wikipedia.org/wiki/Thornaby-on-Tees
Thornton Heath,https://en.wikipedia.org/wiki/Thornton_Heath
Thorpe Edge,https://en.wikipedia.org/wiki/Thorpe_Edge
Thorpe Lubenham,https://en.wikipedia.org/wiki/Thorpe_Lubenham
Thorpe St Andrew,https://en.wikipedia.org/wiki/Thorpe_St_Andrew
Thrapston,https://en.wikipedia.org/wiki/Thrapston
Thruscross,https://en.wikipedia.org/wiki/Thruscross
Tickhill,https://en.wikipedia.org/wiki/Tickhill
Tidworth,https://en.wikipedia.org/wiki/Tidworth
Tilbury,https://en.wikipedia.org/wiki/Tilbury
Tinshill,https://en.wikipedia.org/wiki/Tinshill
Tipton,https://en.wikipedia.org/wiki/Tipton
Titley Priory,https://en.wikipedia.org/wiki/Titley_Priory
Todmorden,https://en.wikipedia.org/wiki/Todmorden
Togston,https://en.wikipedia.org/wiki/Togston
Tokyngton,https://en.wikipedia.org/wiki/Tokyngton
Tonbridge,https://en.wikipedia.org/wiki/Tonbridge
Tooting Bec,https://en.wikipedia.org/wiki/Tooting_Bec
Torpoint,https://en.wikipedia.org/wiki/Torpoint
Torquay,https://en.wikipedia.org/wiki/Torquay
Totnes,https://en.wikipedia.org/wiki/Totnes
Tottenham,https://en.wikipedia.org/wiki/Tottenham
Totton,https://en.wikipedia.org/wiki/Totton
Tow Law,https://en.wikipedia.org/wiki/Tow_Law
Towcester,https://en.wikipedia.org/wiki/Towcester
Townhill Park,https://en.wikipedia.org/wiki/Townhill_Park
Tregonna,https://en.wikipedia.org/wiki/Tregonna
Trenance,https://en.wikipedia.org/wiki/Trenance
Trencrom Hill,https://en.wikipedia.org/wiki/Trencrom_Hill
Trewen,https://en.wikipedia.org/wiki/Trewen
Trewhiddle,https://en.wikipedia.org/wiki/Trewhiddle
Truro,https://en.wikipedia.org/wiki/Truro
Tuxford,https://en.wikipedia.org/wiki/Tuxford
Twickenham,https://en.wikipedia.org/wiki/Twickenham
Tyersal,https://en.wikipedia.org/wiki/Tyersal
Tyldesley,https://en.wikipedia.org/wiki/Tyldesley
Tyndalls Park,https://en.wikipedia.org/wiki/Tyndalls_Park
Tynemouth,https://en.wikipedia.org/wiki/Tynemouth
Uckfield,https://en.wikipedia.org/wiki/Uckfield
Ulverston,https://en.wikipedia.org/wiki/Ulverston
Underbank,https://en.wikipedia.org/wiki/Underbank
Unsworth,https://en.wikipedia.org/wiki/Unsworth
Upleadon Preceptory,https://en.wikipedia.org/wiki/Upleadon_Preceptory
Upminster,https://en.wikipedia.org/wiki/Upminster
Upper Broughton,https://en.wikipedia.org/wiki/Upper_Broughton
Upperby,https://en.wikipedia.org/wiki/Upperby
Uppingham,https://en.wikipedia.org/wiki/Uppingham
Upton-upon-Severn,https://en.wikipedia.org/wiki/Upton-upon-Severn
Urmston,https://en.wikipedia.org/wiki/Urmston
Uttoxeter,https://en.wikipedia.org/wiki/Uttoxeter
Vange,https://en.wikipedia.org/wiki/Vange
Ventnor,https://en.wikipedia.org/wiki/Ventnor
Verlamion,https://en.wikipedia.org/wiki/Verlamion
Verwood,https://en.wikipedia.org/wiki/Verwood
Vines Cross,https://en.wikipedia.org/wiki/Vines_Cross
Wadebridge,https://en.wikipedia.org/wiki/Wadebridge
Wadhurst,https://en.wikipedia.org/wiki/Wadhurst
Wainfleet All Saints,https://en.wikipedia.org/wiki/Wainfleet_All_Saints
Wakefield,https://en.wikipedia.org/wiki/Wakefield
Walkden,https://en.wikipedia.org/wiki/Walkden
Wallasey,https://en.wikipedia.org/wiki/Wallasey
Wallington Heath,https://en.wikipedia.org/wiki/Wallington_Heath
Wallisdown,https://en.wikipedia.org/wiki/Wallisdown
Wallsend,https://en.wikipedia.org/wiki/Wallsend
Wallsuches,https://en.wikipedia.org/wiki/Wallsuches
Walmer,https://en.wikipedia.org/wiki/Walmer
Walmersley,https://en.wikipedia.org/wiki/Walmersley
Walsall,https://en.wikipedia.org/wiki/Walsall
Waltham Abbey,https://en.wikipedia.org/wiki/Waltham_Abbey
Waltham Cross,https://en.wikipedia.org/wiki/Waltham_Cross
Walton-on-Thames,https://en.wikipedia.org/wiki/Walton-on-Thames
Walton-on-the-Naze,https://en.wikipedia.org/wiki/Walton-on-the-Naze
Wantage,https://en.wikipedia.org/wiki/Wantage
Warburton Green,https://en.wikipedia.org/wiki/Warburton_Green
Wareham Priory,https://en.wikipedia.org/wiki/Wareham_Priory
Warminster,https://en.wikipedia.org/wiki/Warminster
Warrington,https://en.wikipedia.org/wiki/Warrington
Warsill,https://en.wikipedia.org/wiki/Warsill
Watchet,https://en.wikipedia.org/wiki/Watchet
Waterbeach Abbey,https://en.wikipedia.org/wiki/Waterbeach_Abbey
Watergall,https://en.wikipedia.org/wiki/Watergall
Waterlooville,https://en.wikipedia.org/wiki/Waterlooville
Watford,https://en.wikipedia.org/wiki/Watford
Wath upon Dearne,https://en.wikipedia.org/wiki/Wath_upon_Dearne
Wednesbury,https://en.wikipedia.org/wiki/Wednesbury
Wednesfield,https://en.wikipedia.org/wiki/Wednesfield
Weetwood,https://en.wikipedia.org/wiki/Weetwood
Wellfield,https://en.wikipedia.org/wiki/Wellfield
Welling,https://en.wikipedia.org/wiki/Welling
Wells-next-the-Sea,https://en.wikipedia.org/wiki/Wells-next-the-Sea
Welshbury Hill,https://en.wikipedia.org/wiki/Welshbury_Hill
Welwyn Garden City,https://en.wikipedia.org/wiki/Welwyn_Garden_City
Wendover,https://en.wikipedia.org/wiki/Wendover
West Ardsley,https://en.wikipedia.org/wiki/West_Ardsley
West Bridgford,https://en.wikipedia.org/wiki/West_Bridgford
West Bromwich,https://en.wikipedia.org/wiki/West_Bromwich
West Chelborough,https://en.wikipedia.org/wiki/West_Chelborough
West Denton,https://en.wikipedia.org/wiki/West_Denton
West Hackney,https://en.wikipedia.org/wiki/West_Hackney
West Hampstead,https://en.wikipedia.org/wiki/West_Hampstead
West Hunsbury,https://en.wikipedia.org/wiki/West_Hunsbury
West Keal,https://en.wikipedia.org/wiki/West_Keal
West Kirby,https://en.wikipedia.org/wiki/West_Kirby
West Malling,https://en.wikipedia.org/wiki/West_Malling
West Mersea,https://en.wikipedia.org/wiki/West_Mersea
West Norwood,https://en.wikipedia.org/wiki/West_Norwood
West Thurrock,https://en.wikipedia.org/wiki/West_Thurrock
West Tofts,https://en.wikipedia.org/wiki/West_Tofts
Westcroft,https://en.wikipedia.org/wiki/Westcroft
Westerham,https://en.wikipedia.org/wiki/Westerham
Westerhope,https://en.wikipedia.org/wiki/Westerhope
Westgate-on-Sea,https://en.wikipedia.org/wiki/Westgate-on-Sea
Westhead,https://en.wikipedia.org/wiki/Westhead
Westhoughton,https://en.wikipedia.org/wiki/Westhoughton
Weston-super-Mare,https://en.wikipedia.org/wiki/Weston-super-Mare
Wetherby,https://en.wikipedia.org/wiki/Wetherby
Weybridge,https://en.wikipedia.org/wiki/Weybridge
Whaley Bridge,https://en.wikipedia.org/wiki/Whaley_Bridge
Wheal Peevor,https://en.wikipedia.org/wiki/Wheal_Peevor
Wherrytown,https://en.wikipedia.org/wiki/Wherrytown
Whicham,https://en.wikipedia.org/wiki/Whicham
Whickham,https://en.wikipedia.org/wiki/Whickham
Whinmoor,https://en.wikipedia.org/wiki/Whinmoor
Whipps Cross,https://en.wikipedia.org/wiki/Whipps_Cross
Whitby,https://en.wikipedia.org/wiki/Whitby
Whitechapel,https://en.wikipedia.org/wiki/Whitechapel
Whitehaven,https://en.wikipedia.org/wiki/Whitehaven
Whiteley,https://en.wikipedia.org/wiki/Whiteley
Whitley Bay,https://en.wikipedia.org/wiki/Whitley_Bay
Whitley Lodge,https://en.wikipedia.org/wiki/Whitley_Lodge
Whitnash,https://en.wikipedia.org/wiki/Whitnash
Whitstable,https://en.wikipedia.org/wiki/Whitstable
Whittlesey,https://en.wikipedia.org/wiki/Whittlesey
Whittonstall,https://en.wikipedia.org/wiki/Whittonstall
Wickford,https://en.wikipedia.org/wiki/Wickford
Widnes,https://en.wikipedia.org/wiki/Widnes
Wigan,https://en.wikipedia.org/wiki/Wigan
Wigston Magna,https://en.wikipedia.org/wiki/Wigston
Wigton,https://en.wikipedia.org/wiki/Wigton
Wilderspool,https://en.wikipedia.org/wiki/Wilderspool
Willenhall,https://en.wikipedia.org/wiki/Willenhall
Williton,https://en.wikipedia.org/wiki/Williton
Wilmslow,https://en.wikipedia.org/wiki/Wilmslow
Wimborne Minster,https://en.wikipedia.org/wiki/Wimborne_Minster
Wincanton,https://en.wikipedia.org/wiki/Wincanton
Winchcombe,https://en.wikipedia.org/wiki/Winchcombe
Winchelsea,https://en.wikipedia.org/wiki/Winchelsea
Winchelsea Beach,https://en.wikipedia.org/wiki/Winchelsea_Beach
Winchester,https://en.wikipedia.org/wiki/Winchester
Windlesham,https://en.wikipedia.org/wiki/Windlesham
Windy Nook,https://en.wikipedia.org/wiki/Windy_Nook
Winscales,https://en.wikipedia.org/wiki/Winscales
Winsford,https://en.wikipedia.org/wiki/Winsford
Wintringham,https://en.wikipedia.org/wiki/Wintringham
Wirksworth,https://en.wikipedia.org/wiki/Wirksworth
Wisbech,https://en.wikipedia.org/wiki/Wisbech
Witham,https://en.wikipedia.org/wiki/Witham
Withernsea,https://en.wikipedia.org/wiki/Withernsea
Withersdale,https://en.wikipedia.org/wiki/Withersdale
Withington,https://en.wikipedia.org/wiki/Withington
Witney,https://en.wikipedia.org/wiki/Witney
Wiveliscombe,https://en.wikipedia.org/wiki/Wiveliscombe
Wivenhoe,https://en.wikipedia.org/wiki/Wivenhoe
Wixams,https://en.wikipedia.org/wiki/Wixams
Woburn Sands,https://en.wikipedia.org/wiki/Woburn_Sands
Woking,https://en.wikipedia.org/wiki/Woking
Wokingham,https://en.wikipedia.org/wiki/Wokingham
Wolsingham,https://en.wikipedia.org/wiki/Wolsingham
Wolverhampton,https://en.wikipedia.org/wiki/Wolverhampton
Wolverton,https://en.wikipedia.org/wiki/Wolverton
Wombridge,https://en.wikipedia.org/wiki/Wombridge
Wombwell,https://en.wikipedia.org/wiki/Wombwell
Woodford Bridge,https://en.wikipedia.org/wiki/Woodford_Bridge
Woodhouse Park,https://en.wikipedia.org/wiki/Woodhouse_Park
Wooler,https://en.wikipedia.org/wiki/Wooler
Workington,https://en.wikipedia.org/wiki/Workington
Worksop,https://en.wikipedia.org/wiki/Worksop
Worthing,https://en.wikipedia.org/wiki/Worthing
Wotton-under-Edge,https://en.wikipedia.org/wiki/Wotton-under-Edge
Wroxall Priory,https://en.wikipedia.org/wiki/Wroxall_Priory
Wroxham,https://en.wikipedia.org/wiki/Wroxham
Wych Cross,https://en.wikipedia.org/wiki/Wych_Cross
Wymondham,https://en.wikipedia.org/wiki/Wymondham
Wythmail,https://en.wikipedia.org/wiki/Wythmail
Yarm,https://en.wikipedia.org/wiki/Yarm
Yate,https://en.wikipedia.org/wiki/Yate
Yateley,https://en.wikipedia.org/wiki/Yateley
Yeovil,https://en.wikipedia.org/wiki/Yeovil
York,https://en.wikipedia.org/wiki/York